scope,metric,aariz,isbi,delta
overall,mre_mm,2.545271158218384,4.027504224749772,1.4822
overall,median_mm,1.264906406402588,2.5182653665542603,1.2534
overall,rmse_mm,5.781565189361572,7.063649727092756,1.2821
overall,sdr_2.0mm,68.71264367816093,39.578947368421055,-29.1337
overall,sdr_3.0mm,80.98850574712644,57.15789473684211,-23.8306
landmark,S (S),2.7398507595062256,3.7941,1.0543
landmark,N (N),2.440856695175171,4.0507,1.6098
landmark,Or (Or),2.3718197345733643,4.5866,2.2147
landmark,Po (Po),3.4372119903564453,4.5955,1.1583
landmark,A (A),1.4246089458465576,3.3458,1.9212
landmark,B (B),1.5303362607955933,2.1397,0.6093
landmark,Pog (Pog),1.4987726211547852,2.1282,0.6294
landmark,Me (Me),1.72515070438385,2.8122,1.087
landmark,Gn (Gn),1.539589285850525,2.3479,0.8083
landmark,Go (Go),10.778217315673828,5.0831,-5.6952
landmark,L1 (LIT),1.3570317029953003,1.8252,0.4682
landmark,U1 (UIT),1.3046958446502686,1.9744,0.6697
landmark,UL (Ls),7.379076957702637,13.8389,6.4598
landmark,LL (Li),1.8066999912261963,5.2641,3.4574
landmark,Sn (Sn),1.783442735671997,4.2645,2.481
landmark,Pog' (Pog`),2.112457275390625,3.7671,1.6546
landmark,PNS (PNS),2.3466551303863525,3.5048,1.1581
landmark,ANS (ANS),1.746408462524414,3.0078,1.2614
landmark,Ar (Ar),2.861893653869629,4.1922,1.3303
